"Ad report (Jul 9, 2014)",,,,,,,,,,,,,,,,,,,,,
Ad state,Ad,Description line 1,Description line 2,Display URL,Destination URL,Campaign,Ad group,Status,Labels,Campaign type,Campaign subtype,Clicks,Impressions,CTR,Avg. CPC,Cost,Avg. position,Converted clicks,Cost / converted click,Click conversion rate,View-through conv.
enabled,Criminal Public Records,1) Enter any information,2) View public records online!,Ancestry.com/Public_Records,http://tracker.marinsm.com/rd?cid=93095py25419&mkwid={ifsearch:s}{ifcontent:c}MnoLBKEF_d{device}&pcrid={creative}&pkw={keyword}&pmt={matchtype}&lp=http%3A%2F%2Fwww.ancestry.com%2Fs21837%2Ft27295%2Frd.ashx%3Fstate%3D%26kw%3Dcriminal%2Brecords%26s_kwcid%3D{keyword},G_Records_Public,Public_Records_Criminal [B],approved, --,Search Only,All features,0,8,0.00%,0,0,7.3,0,0,0.00%,0
enabled,Instant Public Records,1) Enter any information,2) View public records online!,Ancestry.com/Public_Records,http://tracker.marinsm.com/rd?cid=93095py25419&mkwid={ifsearch:s}{ifcontent:c}9uKzJiNO_d{device}&pcrid={creative}&pkw={keyword}&pmt={matchtype}&lp=http%3A%2F%2Fwww.ancestry.com%2Fs21837%2Ft27295%2Frd.ashx%3Fstate%3D%26kw%3Dfree%2Bpublic%2Bdatabases%26s_kwcid%3D{keyword},G_Records_Public,Public_Records_Free_Database [E],approved, --,Search Only,All features,0,0,0.00%,0,0,0,0,0,0.00%,0
enabled,Instant Public Records,1) Enter any information,2) View public records online!,Ancestry.com/Public_Records,http://tracker.marinsm.com/rd?cid=93095py25419&mkwid={ifsearch:s}{ifcontent:c}OzjVAFwn_d{device}&pcrid={creative}&pkw={keyword}&pmt={matchtype}&lp=http%3A%2F%2Fwww.ancestry.com%2Fs21837%2Ft27295%2Frd.ashx%3Fstate%3D%26kw%3Dfree%2Bpublic%2Brecords%26s_kwcid%3D{keyword},G_Records_Public,Public_Records_Free_Search [E],approved, --,Search Only,All features,0,0,0.00%,0,0,0,0,0,0.00%,0
enabled,Search Public Records,1) Enter any information,2) View public records online!,Ancestry.com/Public_Records,http://tracker.marinsm.com/rd?cid=93095py25419&mkwid={ifsearch:s}{ifcontent:c}uLAyuleE_d{device}&pcrid={creative}&pkw={keyword}&pmt={matchtype}&lp=http%3A%2F%2Fwww.ancestry.com%2Fs21837%2Ft27295%2Frd.ashx%3Fstate%3D%26kw%3Dpublic%2Brecords%2Bwebsites%26s_kwcid%3D{keyword},G_Records_Public,Public_Records_Com [B],approved, --,Search Only,All features,0,1,0.00%,0,0,8,0,0,0.00%,0
enabled,Find Free Public Records,1) Enter any information,2) View public records online!,Ancestry.com/Public_Records_Find,http://tracker.marinsm.com/rd?cid=93095py25419&mkwid={ifsearch:s}{ifcontent:c}TkwZEgc5_d{device}&pcrid={creative}&pkw={keyword}&pmt={matchtype}&lp=http%3A%2F%2Fwww.ancestry.com%2Fs21837%2Ft27295%2Frd.ashx%3Fstate%3D%26kw%3Dpublic%2Brecords%26s_kwcid%3D{keyword},G_Records_Public,Public_Records_Find [B],approved, --,Search Only,All features,14,461,3.04%,0.51,7.08,4.9,0,0,0.00%,0
enabled,Instant Public Records,1) Enter any information,2) View public records online!,Ancestry.com/Public_Records_Now,http://tracker.marinsm.com/rd?cid=93095py25419&mkwid={ifsearch:s}{ifcontent:c}aKz2Lpi2_d{device}&pcrid={creative}&pkw={keyword}&pmt={matchtype}&lp=http%3A%2F%2Fwww.ancestry.com%2Fs21837%2Ft27295%2Frd.ashx%3Fstate%3D%26kw%3Dpublic%2Brecords%2Bnow%26s_kwcid%3D{keyword},G_Records_Public,Public_Records_Now [E],approved, --,Search Only,All features,0,0,0.00%,0,0,0,0,0,0.00%,0
enabled,Find Free Public Records,1) Enter any information,2) View public records online!,Ancestry.com/Public_Records,http://tracker.marinsm.com/rd?cid=93095py25419&mkwid={ifsearch:s}{ifcontent:c}fbj2OAFf_d{device}&pcrid={creative}&pkw={keyword}&pmt={matchtype}&lp=http%3A%2F%2Fwww.ancestry.com%2Fs21837%2Ft27295%2Frd.ashx%3Fstate%3D%26kw%3Dfree%2Bpublic%2Brecords%26s_kwcid%3D{keyword},G_Records_Public,Public_Records_Free_Search [E],approved, --,Search Only,All features,0,0,0.00%,0,0,0,0,0,0.00%,0
enabled,Instant Public Records,1) Enter any information,2) View public records online!,Ancestry.com/Public_Records,http://tracker.marinsm.com/rd?cid=93095py25419&mkwid={ifsearch:s}{ifcontent:c}u7udziId_d{device}&pcrid={creative}&pkw={keyword}&pmt={matchtype}&lp=http%3A%2F%2Fwww.ancestry.com%2Fs21837%2Ft27295%2Frd.ashx%3Fstate%3D%26kw%3Dfree%2Bonline%2Bpublic%2Brecords%26s_kwcid%3D{keyword},G_Records_Public,Public_Records_Free_Online [B],approved, --,Search Only,All features,0,0,0.00%,0,0,0,0,0,0.00%,0
enabled,Find Free Public Records,1) Enter any information,2) View public records online!,Ancestry.com/Public_Records,http://tracker.marinsm.com/rd?cid=93095py25419&mkwid={ifsearch:s}{ifcontent:c}amDzlgJJ_d{device}&pcrid={creative}&pkw={keyword}&pmt={matchtype}&lp=http%3A%2F%2Fwww.ancestry.com%2Fs21837%2Ft27295%2Frd.ashx%3Fstate%3D%26kw%3Dfree%2Bonline%2Bpublic%2Brecords%26s_kwcid%3D{keyword},G_Records_Public,Public_Records_Free_Online [B],approved, --,Search Only,All features,0,4,0.00%,0,0,6.5,0,0,0.00%,0
enabled,School Public Records,1) Enter any information,2) View public records online!,Ancestry.com/Public_Records_School,http://tracker.marinsm.com/rd?cid=93095py25419&mkwid={ifsearch:s}{ifcontent:c}iqBQHlBp_d{device}&pcrid={creative}&pkw={keyword}&pmt={matchtype}&lp=http%3A%2F%2Fwww.ancestry.com%2Fs21837%2Ft27295%2Frd.ashx%3Fstate%3D%26kw%3Dpublic%2Bschool%2Brecords%26s_kwcid%3D{keyword},G_Records_Public,Public_Records_School [B],approved, --,Search Only,All features,20,948,2.11%,0.71,14.11,2.1,0,0,0.00%,0
enabled,Search Public Records,1) Enter any information,2) View public records online!,Ancestry.com/Public_Records,http://tracker.marinsm.com/rd?cid=93095py25419&mkwid={ifsearch:s}{ifcontent:c}becAgzYC_d{device}&pcrid={creative}&pkw={keyword}&pmt={matchtype}&lp=http%3A%2F%2Fwww.ancestry.com%2Fs21837%2Ft27295%2Frd.ashx%3Fstate%3D%26kw%3Dfree%2Bpublic%2Brecords%26s_kwcid%3D{keyword},G_Records_Public,Public_Records_Free_Search_Web [B],approved, --,Search Only,All features,0,0,0.00%,0,0,0,0,0,0.00%,0
enabled,Find Free Public Records,1) Enter any information,2) View public records online!,Ancestry.com/Public_Records_Find,http://tracker.marinsm.com/rd?cid=93095py25419&mkwid={ifsearch:s}{ifcontent:c}TlOE8Ghd_d{device}&pcrid={creative}&pkw={keyword}&pmt={matchtype}&lp=http%3A%2F%2Fwww.ancestry.com%2Fs21837%2Ft27295%2Frd.ashx%3Fstate%3D%26kw%3Dpublic%2Brecords%26s_kwcid%3D{keyword},G_Records_Public,Public_Records_Find [E],approved, --,Search Only,All features,0,4,0.00%,0,0,4,0,0,0.00%,0
enabled,Search Public Records,1) Enter any information,2) View public records online!,Ancestry.com/Public_Records,http://tracker.marinsm.com/rd?cid=93095py25419&mkwid={ifsearch:s}{ifcontent:c}1szqwY7Y_d{device}&pcrid={creative}&pkw={keyword}&pmt={matchtype}&lp=http%3A%2F%2Fwww.ancestry.com%2Fs21837%2Ft27295%2Frd.ashx%3Fstate%3D%26kw%3Dpublic%2Brecords%26s_kwcid%3D{keyword},G_Records_Public,Public_Records [E],approved, --,Search Only,All features,0,1,0.00%,0,0,8,0,0,0.00%,0
enabled,Find Free Public Records,1) Enter any information,2) View public records online!,Ancestry.com/Public_Records,http://tracker.marinsm.com/rd?cid=93095py25419&mkwid={ifsearch:s}{ifcontent:c}ETqUAJKc_d{device}&pcrid={creative}&pkw={keyword}&pmt={matchtype}&lp=http%3A%2F%2Fwww.ancestry.com%2Fs21837%2Ft27295%2Frd.ashx%3Fstate%3D%26kw%3Dfree%2Bpublic%2Brecords%26s_kwcid%3D{keyword},G_Records_Public,Public_Records_Free_Search [B],approved, --,Search Only,All features,22,857,2.57%,0.5,11.01,6,0,0,0.00%,0
enabled,Public Will Records,1) Enter any information,2) View public records online!,Ancestry.com/Public_Records_Will,http://tracker.marinsm.com/rd?cid=93095py25419&mkwid={ifsearch:s}{ifcontent:c}tYFpUYCE_d{device}&pcrid={creative}&pkw={keyword}&pmt={matchtype}&lp=http%3A%2F%2Fwww.ancestry.com%2Fs21837%2Ft27295%2Frd.ashx%3Fstate%3D%26kw%3Dpublic%2Bwill%2Brecords%26s_kwcid%3D{keyword},G_Records_Public,Public_Records_Will [B],approved, --,Search Only,All features,0,3,0.00%,0,0,6,0,0,0.00%,0
enabled,Search Public Records,1) Enter any information,2) View public records online!,Ancestry.com/Public_Records_School,http://tracker.marinsm.com/rd?cid=93095py25419&mkwid={ifsearch:s}{ifcontent:c}IvpEfp8u_d{device}&pcrid={creative}&pkw={keyword}&pmt={matchtype}&lp=http%3A%2F%2Fwww.ancestry.com%2Fs21837%2Ft27295%2Frd.ashx%3Fstate%3D%26kw%3Dpublic%2Bschool%2Brecords%26s_kwcid%3D{keyword},G_Records_Public,Public_Records_School [B],approved, --,Search Only,All features,2,36,5.56%,0.58,1.16,1.9,0,0,0.00%,0
enabled,Search Public Records,1) Enter any information,2) View public records online!,Ancestry.com/Public_Records,http://tracker.marinsm.com/rd?cid=93095py25419&mkwid={ifsearch:s}{ifcontent:c}SBhyX4YO_d{device}&pcrid={creative}&pkw={keyword}&pmt={matchtype}&lp=http%3A%2F%2Fwww.ancestry.com%2Fs21837%2Ft27295%2Frd.ashx%3Fstate%3D%26kw%3Dcriminal%2Brecords%26s_kwcid%3D{keyword},G_Records_Public,Public_Records_Criminal [E],approved, --,Search Only,All features,0,0,0.00%,0,0,0,0,0,0.00%,0
enabled,Instant Public Records,1) Enter any information,2) View public records online!,Ancestry.com/Public_Records_Free,http://tracker.marinsm.com/rd?cid=93095py25419&mkwid={ifsearch:s}{ifcontent:c}odnXuypl_d{device}&pcrid={creative}&pkw={keyword}&pmt={matchtype}&lp=http%3A%2F%2Fwww.ancestry.com%2Fs21837%2Ft27295%2Frd.ashx%3Fstate%3D%26kw%3Dfree%2Bpublic%2Brecords%26s_kwcid%3D{keyword},G_Records_Public,Public_Records_Free [E],approved, --,Search Only,All features,0,2,0.00%,0,0,10.5,0,0,0.00%,0
enabled,Find Public Records Data,1) Enter any information,2) View public records online!,Ancestry.com/Public_Records_Data,http://tracker.marinsm.com/rd?cid=93095py25419&mkwid={ifsearch:s}{ifcontent:c}KyAFjOOZ_d{device}&pcrid={creative}&pkw={keyword}&pmt={matchtype}&lp=http%3A%2F%2Fwww.ancestry.com%2Fs21837%2Ft27295%2Frd.ashx%3Fstate%3D%26kw%3Dpublic%2Brecords%2Bdata%26s_kwcid%3D{keyword},G_Records_Public,Public_Records_Data [E],approved, --,Search Only,All features,0,3,0.00%,0,0,5.3,0,0,0.00%,0
enabled,Search Public Records,1) Enter any information,2) View public records online!,Ancestry.com/Public_Records,http://tracker.marinsm.com/rd?cid=93095py25419&mkwid={ifsearch:s}{ifcontent:c}W5iTGrWy_d{device}&pcrid={creative}&pkw={keyword}&pmt={matchtype}&lp=http%3A%2F%2Fwww.ancestry.com%2Fs21837%2Ft27295%2Frd.ashx%3Fstate%3D%26kw%3Dfree%2Bpublic%2Bdatabases%26s_kwcid%3D{keyword},G_Records_Public,Public_Records_Free_Database [E],approved, --,Search Only,All features,0,0,0.00%,0,0,0,0,0,0.00%,0
enabled,Instant Public Records,1) Enter any information,2) View public records online!,Ancestry.com/Public_Records,http://tracker.marinsm.com/rd?cid=93095py25419&mkwid={ifsearch:s}{ifcontent:c}wRlZOgp6_d{device}&pcrid={creative}&pkw={keyword}&pmt={matchtype}&lp=http%3A%2F%2Fwww.ancestry.com%2Fs21837%2Ft27295%2Frd.ashx%3Fstate%3D%26kw%3Dfree%2Bpublic%2Brecords%26s_kwcid%3D{keyword},G_Records_Public,Public_Records_Free_Search_Web [B],approved, --,Search Only,All features,0,0,0.00%,0,0,0,0,0,0.00%,0
enabled,Find Public Records Data,1) Enter any information,2) View public records online!,Ancestry.com/Public_Records_Data,http://tracker.marinsm.com/rd?cid=93095py25419&mkwid={ifsearch:s}{ifcontent:c}cYsXrLdN_d{device}&pcrid={creative}&pkw={keyword}&pmt={matchtype}&lp=http%3A%2F%2Fwww.ancestry.com%2Fs21837%2Ft27295%2Frd.ashx%3Fstate%3D%26kw%3Dpublic%2Brecords%2Bdata%26s_kwcid%3D{keyword},G_Records_Public,Public_Records_Data [B],approved, --,Search Only,All features,0,2,0.00%,0,0,6.5,0,0,0.00%,0
enabled,Search Public Records,1) Enter any information,2) View public records online!,Ancestry.com/Public_Records,http://tracker.marinsm.com/rd?cid=93095py25419&mkwid={ifsearch:s}{ifcontent:c}cdbhxNTy_d{device}&pcrid={creative}&pkw={keyword}&pmt={matchtype}&lp=http%3A%2F%2Fwww.ancestry.com%2Fs21837%2Ft27295%2Frd.ashx%3Fstate%3D%26kw%3Dfree%2Bonline%2Bpublic%2Brecords%26s_kwcid%3D{keyword},G_Records_Public,Public_Records_Free_Online [B],approved, --,Search Only,All features,0,0,0.00%,0,0,0,0,0,0.00%,0
enabled,Search Public Records,1) Enter any information,2) View public records online!,Ancestry.com/Public_Records,http://tracker.marinsm.com/rd?cid=93095py25419&mkwid={ifsearch:s}{ifcontent:c}IjlbIiVs_d{device}&pcrid={creative}&pkw={keyword}&pmt={matchtype}&lp=http%3A%2F%2Fwww.ancestry.com%2Fs21837%2Ft27295%2Frd.ashx%3Fstate%3D%26kw%3Dpublic%2Brecords%26s_kwcid%3D{keyword},G_Records_Public,Public_Records [B],approved, --,Search Only,All features,0,1,0.00%,0,0,3,0,0,0.00%,0
enabled,Public Will Records,1) Enter any information,2) View public records online!,Ancestry.com/Public_Records_Will,http://tracker.marinsm.com/rd?cid=93095py25419&mkwid={ifsearch:s}{ifcontent:c}fPAz2jJT_d{device}&pcrid={creative}&pkw={keyword}&pmt={matchtype}&lp=http%3A%2F%2Fwww.ancestry.com%2Fs21837%2Ft27295%2Frd.ashx%3Fstate%3D%26kw%3Dpublic%2Bwill%2Brecords%26s_kwcid%3D{keyword},G_Records_Public,Public_Records_Will [E],approved, --,Search Only,All features,0,0,0.00%,0,0,0,0,0,0.00%,0
enabled,Search Public Records,1) Enter any information,2) View public records online!,Ancestry.com/Public_Records,http://tracker.marinsm.com/rd?cid=93095py25419&mkwid={ifsearch:s}{ifcontent:c}7E1bCJ9R_d{device}&pcrid={creative}&pkw={keyword}&pmt={matchtype}&lp=http%3A%2F%2Fwww.ancestry.com%2Fs21837%2Ft27295%2Frd.ashx%3Fstate%3D%26kw%3Dfree%2Bonline%2Bpublic%2Brecords%26s_kwcid%3D{keyword},G_Records_Public,Public_Records_Free_Online [E],approved, --,Search Only,All features,0,0,0.00%,0,0,0,0,0,0.00%,0
enabled,Search Public Records,1) Enter any information,2) View public records online!,Ancestry.com/Public_Records_Find,http://tracker.marinsm.com/rd?cid=93095py25419&mkwid={ifsearch:s}{ifcontent:c}TXvzH9Ig_d{device}&pcrid={creative}&pkw={keyword}&pmt={matchtype}&lp=http%3A%2F%2Fwww.ancestry.com%2Fs21837%2Ft27295%2Frd.ashx%3Fstate%3D%26kw%3Dpublic%2Brecords%26s_kwcid%3D{keyword},G_Records_Public,Public_Records_Find [E],approved, --,Search Only,All features,0,0,0.00%,0,0,0,0,0,0.00%,0
enabled,Search Public Records,1) Enter any information,2) View public records online!,Ancestry.com/Public_Records_Church,http://tracker.marinsm.com/rd?cid=93095py25419&mkwid={ifsearch:s}{ifcontent:c}UWif6Bep_d{device}&pcrid={creative}&pkw={keyword}&pmt={matchtype}&lp=http%3A%2F%2Fwww.ancestry.com%2Fs21837%2Ft27295%2Frd.ashx%3Fstate%3D%26kw%3Dpublic%2Bchurch%2Brecords%26s_kwcid%3D{keyword},G_Records_Public,Public_Records_Church [B],approved, --,Search Only,All features,0,57,0.00%,0,0,2.3,0,0,0.00%,0
enabled,Search Public Records,1) Enter any information,2) View public records online!,Ancestry.com/Public_Records_Free,http://tracker.marinsm.com/rd?cid=93095py25419&mkwid={ifsearch:s}{ifcontent:c}Z7jOth4J_d{device}&pcrid={creative}&pkw={keyword}&pmt={matchtype}&lp=http%3A%2F%2Fwww.ancestry.com%2Fs21837%2Ft27295%2Frd.ashx%3Fstate%3D%26kw%3Dfree%2Bpublic%2Brecords%26s_kwcid%3D{keyword},G_Records_Public,Public_Records_Free [B],approved, --,Search Only,All features,0,9,0.00%,0,0,5.4,0,0,0.00%,0
enabled,Search Public Records,1) Enter any information,2) View public records online!,Ancestry.com/Public_Records_Now,http://tracker.marinsm.com/rd?cid=93095py25419&mkwid={ifsearch:s}{ifcontent:c}AZVjI5ix_d{device}&pcrid={creative}&pkw={keyword}&pmt={matchtype}&lp=http%3A%2F%2Fwww.ancestry.com%2Fs21837%2Ft27295%2Frd.ashx%3Fstate%3D%26kw%3Dpublic%2Brecords%2Bnow%26s_kwcid%3D{keyword},G_Records_Public,Public_Records_Now [E],approved, --,Search Only,All features,0,0,0.00%,0,0,0,0,0,0.00%,0
enabled,Instant Public Records,1) Enter any information,2) View public records online!,Ancestry.com/Public_Records_Free,http://tracker.marinsm.com/rd?cid=93095py25419&mkwid={ifsearch:s}{ifcontent:c}r3ZPKUdn_d{device}&pcrid={creative}&pkw={keyword}&pmt={matchtype}&lp=http%3A%2F%2Fwww.ancestry.com%2Fs21837%2Ft27295%2Frd.ashx%3Fstate%3D%26kw%3Dfree%2Bpublic%2Brecords%26s_kwcid%3D{keyword},G_Records_Public,Public_Records_Free [B],approved, --,Search Only,All features,0,0,0.00%,0,0,0,0,0,0.00%,0
enabled,Search Public Records,1) Enter any information,2) View public records online!,Ancestry.com/Public_Records,http://tracker.marinsm.com/rd?cid=93095py25419&mkwid={ifsearch:s}{ifcontent:c}C9HKAIAM_d{device}&pcrid={creative}&pkw={keyword}&pmt={matchtype}&lp=http%3A%2F%2Fwww.ancestry.com%2Fs21837%2Ft27295%2Frd.ashx%3Fstate%3D%26kw%3Dfree%2Bpublic%2Bdatabases%26s_kwcid%3D{keyword},G_Records_Public,Public_Records_Free_Database [B],approved, --,Search Only,All features,0,0,0.00%,0,0,0,0,0,0.00%,0
enabled,Search Public Records,1) Enter any information,2) View public records online!,Ancestry.com/Public_Records_Free,http://tracker.marinsm.com/rd?cid=93095py25419&mkwid={ifsearch:s}{ifcontent:c}582IZqDh_d{device}&pcrid={creative}&pkw={keyword}&pmt={matchtype}&lp=http%3A%2F%2Fwww.ancestry.com%2Fs21837%2Ft27295%2Frd.ashx%3Fstate%3D%26kw%3Dfree%2Bpublic%2Brecords%26s_kwcid%3D{keyword},G_Records_Public,Public_Records_Free [E],approved, --,Search Only,All features,0,1,0.00%,0,0,9,0,0,0.00%,0
enabled,Find Free Public Records,1) Enter any information,2) View public records online!,Ancestry.com/Public_Records,http://tracker.marinsm.com/rd?cid=93095py25419&mkwid={ifsearch:s}{ifcontent:c}SDzvnlLy_d{device}&pcrid={creative}&pkw={keyword}&pmt={matchtype}&lp=http%3A%2F%2Fwww.ancestry.com%2Fs21837%2Ft27295%2Frd.ashx%3Fstate%3D%26kw%3Dfree%2Bpublic%2Brecords%26s_kwcid%3D{keyword},G_Records_Public,Public_Records_Free_Search_Web [E],approved, --,Search Only,All features,0,0,0.00%,0,0,0,0,0,0.00%,0
enabled,Instant Public Records,1) Enter any information,2) View public records online!,Ancestry.com/Public_Records,http://tracker.marinsm.com/rd?cid=93095py25419&mkwid={ifsearch:s}{ifcontent:c}8C6POfNe_d{device}&pcrid={creative}&pkw={keyword}&pmt={matchtype}&lp=http%3A%2F%2Fwww.ancestry.com%2Fs21837%2Ft27295%2Frd.ashx%3Fstate%3D%26kw%3Dcriminal%2Brecords%26s_kwcid%3D{keyword},G_Records_Public,Public_Records_Criminal [E],approved, --,Search Only,All features,0,0,0.00%,0,0,0,0,0,0.00%,0
enabled,Search Public Records,1) Enter any information,2) View public records online!,Ancestry.com/Public_Records,http://tracker.marinsm.com/rd?cid=93095py25419&mkwid={ifsearch:s}{ifcontent:c}N8x4VP9X_d{device}&pcrid={creative}&pkw={keyword}&pmt={matchtype}&lp=http%3A%2F%2Fwww.ancestry.com%2Fs21837%2Ft27295%2Frd.ashx%3Fstate%3D%26kw%3Dpublic%2Brecords%26s_kwcid%3D{keyword},G_Records_Public,Public_Records [B],approved, --,Search Only,All features,0,31,0.00%,0,0,6.4,0,0,0.00%,0
enabled,Instant Public Records,1) Enter any information,2) View public records online!,Ancestry.com/Public_Records,http://tracker.marinsm.com/rd?cid=93095py25419&mkwid={ifsearch:s}{ifcontent:c}sU3SC48t_d{device}&pcrid={creative}&pkw={keyword}&pmt={matchtype}&lp=http%3A%2F%2Fwww.ancestry.com%2Fs21837%2Ft27295%2Frd.ashx%3Fstate%3D%26kw%3Dfree%2Bpublic%2Brecords%26s_kwcid%3D{keyword},G_Records_Public,Public_Records_Free_Search [B],approved, --,Search Only,All features,0,0,0.00%,0,0,0,0,0,0.00%,0
enabled,Church Public Records,1) Enter any information,2) View public records online!,Ancestry.com/Public_Records_Church,http://tracker.marinsm.com/rd?cid=93095py25419&mkwid={ifsearch:s}{ifcontent:c}xHDZISwu_d{device}&pcrid={creative}&pkw={keyword}&pmt={matchtype}&lp=http%3A%2F%2Fwww.ancestry.com%2Fs21837%2Ft27295%2Frd.ashx%3Fstate%3D%26kw%3Dpublic%2Bchurch%2Brecords%26s_kwcid%3D{keyword},G_Records_Public,Public_Records_Church [E],approved, --,Search Only,All features,0,1,0.00%,0,0,1,0,0,0.00%,0
enabled,Ancestry.com,"Search census, birth, marriage and",death records - Start a free trial.,Ancestry.com,http://tracker.marinsm.com/rd?cid=93095py25419&mkwid={ifsearch:s}{ifcontent:c}1zjgsn94_d{device}&pcrid={creative}&pkw={keyword}&pmt={matchtype}&lp=http%3A%2F%2Fwww.ancestry.com%2Fs21837%2Ft27295%2Frd.ashx%3Fstate%3D%26kw%3Dpublic%2Brecords%26s_kwcid%3D{keyword},G_Records_Public,Records_Public City,approved, --,Search Only,All features,0,2,0.00%,0,0,5,0,0,0.00%,0
enabled,Search Public Records,1) Enter any information,2) View public records online!,Ancestry.com/Public_Records,http://tracker.marinsm.com/rd?cid=93095py25419&mkwid={ifsearch:s}{ifcontent:c}5z0JQYyX_d{device}&pcrid={creative}&pkw={keyword}&pmt={matchtype}&lp=http%3A%2F%2Fwww.ancestry.com%2Fs21837%2Ft27295%2Frd.ashx%3Fstate%3D%26kw%3Dfree%2Bpublic%2Brecords%26s_kwcid%3D{keyword},G_Records_Public,Public_Records_Free_Search [B],approved, --,Search Only,All features,1,32,3.12%,0.46,0.46,4.1,0,0,0.00%,0
enabled,Instant Public Records,1) Enter any information,2) View public records online!,Ancestry.com/Public_Records_Search,http://tracker.marinsm.com/rd?cid=93095py25419&mkwid={ifsearch:s}{ifcontent:c}7cWEkVMF_d{device}&pcrid={creative}&pkw={keyword}&pmt={matchtype}&lp=http%3A%2F%2Fwww.ancestry.com%2Fs21837%2Ft27295%2Frd.ashx%3Fstate%3D%26kw%3Dsearch%2Bpublic%2Brecords%26s_kwcid%3D{keyword},G_Records_Public,Public_Records_Search [E],approved, --,Search Only,All features,0,0,0.00%,0,0,0,0,0,0.00%,0
enabled,Search Public Records,1) Enter any information,2) View public records online!,Ancestry.com/Public_Records_Search,http://tracker.marinsm.com/rd?cid=93095py25419&mkwid={ifsearch:s}{ifcontent:c}lFqdVWgF_d{device}&pcrid={creative}&pkw={keyword}&pmt={matchtype}&lp=http%3A%2F%2Fwww.ancestry.com%2Fs21837%2Ft27295%2Frd.ashx%3Fstate%3D%26kw%3Dsearch%2Bpublic%2Brecords%26s_kwcid%3D{keyword},G_Records_Public,Public_Records_Search [E],approved, --,Search Only,All features,0,0,0.00%,0,0,0,0,0,0.00%,0
enabled,Public Records Websites,1) Enter any information,2) View public records online!,Ancestry.com/Public_Records,http://tracker.marinsm.com/rd?cid=93095py25419&mkwid={ifsearch:s}{ifcontent:c}og8TwRIS_d{device}&pcrid={creative}&pkw={keyword}&pmt={matchtype}&lp=http%3A%2F%2Fwww.ancestry.com%2Fs21837%2Ft27295%2Frd.ashx%3Fstate%3D%26kw%3Dpublic%2Brecords%2Bwebsites%26s_kwcid%3D{keyword},G_Records_Public,Public_Records_Com [E],approved, --,Search Only,All features,0,0,0.00%,0,0,0,0,0,0.00%,0
enabled,Instant Public Records,1) Enter any information,2) View public records online!,Ancestry.com/Public_Records_Church,http://tracker.marinsm.com/rd?cid=93095py25419&mkwid={ifsearch:s}{ifcontent:c}kjs9ce5M_d{device}&pcrid={creative}&pkw={keyword}&pmt={matchtype}&lp=http%3A%2F%2Fwww.ancestry.com%2Fs21837%2Ft27295%2Frd.ashx%3Fstate%3D%26kw%3Dpublic%2Bchurch%2Brecords%26s_kwcid%3D{keyword},G_Records_Public,Public_Records_Church [E],approved, --,Search Only,All features,0,0,0.00%,0,0,0,0,0,0.00%,0
enabled,Ancestry.com,"Search census, birth, marriage and",death records - Start a free trial.,Ancestry.com,http://tracker.marinsm.com/rd?cid=93095py25419&mkwid={ifsearch:s}{ifcontent:c}FIlYFyaF_d{device}&pcrid={creative}&pkw={keyword}&pmt={matchtype}&lp=http%3A%2F%2Fwww.ancestry.com%2Fs21837%2Ft27295%2Frd.ashx%3Fstate%3D%26kw%3Dpublic%2Brecords%26s_kwcid%3D{keyword},G_Records_Public,Records_Public,approved, --,Search Only,All features,0,0,0.00%,0,0,0,0,0,0.00%,0
enabled,Instant Public Records,1) Enter any information,2) View public records online!,Ancestry.com/Public_Records_Search,http://tracker.marinsm.com/rd?cid=93095py25419&mkwid={ifsearch:s}{ifcontent:c}O54d5N9L_d{device}&pcrid={creative}&pkw={keyword}&pmt={matchtype}&lp=http%3A%2F%2Fwww.ancestry.com%2Fs21837%2Ft27295%2Frd.ashx%3Fstate%3D%26kw%3Dsearch%2Bpublic%2Brecords%26s_kwcid%3D{keyword},G_Records_Public,Public_Records_Search [B],approved, --,Search Only,All features,0,0,0.00%,0,0,0,0,0,0.00%,0
enabled,Instant Public Records,1) Enter any information,2) View public records online!,Ancestry.com/Public_Records,http://tracker.marinsm.com/rd?cid=93095py25419&mkwid={ifsearch:s}{ifcontent:c}8YpB1eUf_d{device}&pcrid={creative}&pkw={keyword}&pmt={matchtype}&lp=http%3A%2F%2Fwww.ancestry.com%2Fs21837%2Ft27295%2Frd.ashx%3Fstate%3D%26kw%3Dpublic%2Brecords%2Bwebsites%26s_kwcid%3D{keyword},G_Records_Public,Public_Records_Com [E],approved, --,Search Only,All features,0,0,0.00%,0,0,0,0,0,0.00%,0
enabled,Instant Public Records,1) Enter any information,2) View public records online!,Ancestry.com/Public_Records,http://tracker.marinsm.com/rd?cid=93095py25419&mkwid={ifsearch:s}{ifcontent:c}FI3KicTc_d{device}&pcrid={creative}&pkw={keyword}&pmt={matchtype}&lp=http%3A%2F%2Fwww.ancestry.com%2Fs21837%2Ft27295%2Frd.ashx%3Fstate%3D%26kw%3Dfree%2Bonline%2Bpublic%2Brecords%26s_kwcid%3D{keyword},G_Records_Public,Public_Records_Free_Online [E],approved, --,Search Only,All features,0,0,0.00%,0,0,0,0,0,0.00%,0
enabled,Instant Public Records,1) Enter any information,2) View public records online!,Ancestry.com/Public_Records_Data,http://tracker.marinsm.com/rd?cid=93095py25419&mkwid={ifsearch:s}{ifcontent:c}hpprKIeh_d{device}&pcrid={creative}&pkw={keyword}&pmt={matchtype}&lp=http%3A%2F%2Fwww.ancestry.com%2Fs21837%2Ft27295%2Frd.ashx%3Fstate%3D%26kw%3Dpublic%2Brecords%2Bdata%26s_kwcid%3D{keyword},G_Records_Public,Public_Records_Data [B],approved, --,Search Only,All features,0,0,0.00%,0,0,0,0,0,0.00%,0
enabled,Find Free Public Records,1) Enter any information,2) View public records online!,Ancestry.com/Public_Records_Free,http://tracker.marinsm.com/rd?cid=93095py25419&mkwid={ifsearch:s}{ifcontent:c}TVAncR29_d{device}&pcrid={creative}&pkw={keyword}&pmt={matchtype}&lp=http%3A%2F%2Fwww.ancestry.com%2Fs21837%2Ft27295%2Frd.ashx%3Fstate%3D%26kw%3Dfree%2Bpublic%2Brecords%26s_kwcid%3D{keyword},G_Records_Public,Public_Records_Free [B],approved, --,Search Only,All features,1,97,1.03%,0.54,0.54,6.3,0,0,0.00%,0
enabled,Search Public Records,1) Enter any information,2) View public records online!,Ancestry.com/Public_Records_Search,http://tracker.marinsm.com/rd?cid=93095py25419&mkwid={ifsearch:s}{ifcontent:c}r5fwMc3B_d{device}&pcrid={creative}&pkw={keyword}&pmt={matchtype}&lp=http%3A%2F%2Fwww.ancestry.com%2Fs21837%2Ft27295%2Frd.ashx%3Fstate%3D%26kw%3Dsearch%2Bpublic%2Brecords%26s_kwcid%3D{keyword},G_Records_Public,Public_Records_Search [E],approved, --,Search Only,All features,0,0,0.00%,0,0,0,0,0,0.00%,0
enabled,Search Public Records,1) Enter any information,2) View public records online!,Ancestry.com/Public_Records,http://tracker.marinsm.com/rd?cid=93095py25419&mkwid={ifsearch:s}{ifcontent:c}pOB1fkZl_d{device}&pcrid={creative}&pkw={keyword}&pmt={matchtype}&lp=http%3A%2F%2Fwww.ancestry.com%2Fs21837%2Ft27295%2Frd.ashx%3Fstate%3D%26kw%3Dcriminal%2Brecords%26s_kwcid%3D{keyword},G_Records_Public,Public_Records_Criminal [B],approved, --,Search Only,All features,0,1,0.00%,0,0,2,0,0,0.00%,0
enabled,Search Public Records,1) Enter any information,2) View public records online!,Ancestry.com/Public_Records,http://tracker.marinsm.com/rd?cid=93095py25419&mkwid={ifsearch:s}{ifcontent:c}t9x3VYA7_d{device}&pcrid={creative}&pkw={keyword}&pmt={matchtype}&lp=http%3A%2F%2Fwww.ancestry.com%2Fs21837%2Ft27295%2Frd.ashx%3Fstate%3D%26kw%3Dfree%2Bpublic%2Brecords%26s_kwcid%3D{keyword},G_Records_Public,Public_Records_Free_Search_Web [E],approved, --,Search Only,All features,0,0,0.00%,0,0,0,0,0,0.00%,0
enabled,Search Public Records,1) Enter any information,2) View public records online!,Ancestry.com/Public_Records_Will,http://tracker.marinsm.com/rd?cid=93095py25419&mkwid={ifsearch:s}{ifcontent:c}YLNwFknM_d{device}&pcrid={creative}&pkw={keyword}&pmt={matchtype}&lp=http%3A%2F%2Fwww.ancestry.com%2Fs21837%2Ft27295%2Frd.ashx%3Fstate%3D%26kw%3Dpublic%2Bwill%2Brecords%26s_kwcid%3D{keyword},G_Records_Public,Public_Records_Will [E],approved, --,Search Only,All features,0,0,0.00%,0,0,0,0,0,0.00%,0
enabled,Search Public Records,1) Enter any information,2) View public records online!,Ancestry.com/Public_Records_Will,http://tracker.marinsm.com/rd?cid=93095py25419&mkwid={ifsearch:s}{ifcontent:c}ACUQ0niQ_d{device}&pcrid={creative}&pkw={keyword}&pmt={matchtype}&lp=http%3A%2F%2Fwww.ancestry.com%2Fs21837%2Ft27295%2Frd.ashx%3Fstate%3D%26kw%3Dpublic%2Bwill%2Brecords%26s_kwcid%3D{keyword},G_Records_Public,Public_Records_Will [B],approved, --,Search Only,All features,0,0,0.00%,0,0,0,0,0,0.00%,0
enabled,Find Public Records Now,1) Enter any information,2) View public records online!,Ancestry.com/Public_Records_Now,http://tracker.marinsm.com/rd?cid=93095py25419&mkwid={ifsearch:s}{ifcontent:c}SGxpWGv0_d{device}&pcrid={creative}&pkw={keyword}&pmt={matchtype}&lp=http%3A%2F%2Fwww.ancestry.com%2Fs21837%2Ft27295%2Frd.ashx%3Fstate%3D%26kw%3Dpublic%2Brecords%2Bnow%26s_kwcid%3D{keyword},G_Records_Public,Public_Records_Now [B],approved, --,Search Only,All features,0,2,0.00%,0,0,5.5,0,0,0.00%,0
enabled,Instant Public Records,1) Enter any information,2) View public records online!,Ancestry.com/Public_Records_Will,http://tracker.marinsm.com/rd?cid=93095py25419&mkwid={ifsearch:s}{ifcontent:c}tLyQHXyD_d{device}&pcrid={creative}&pkw={keyword}&pmt={matchtype}&lp=http%3A%2F%2Fwww.ancestry.com%2Fs21837%2Ft27295%2Frd.ashx%3Fstate%3D%26kw%3Dpublic%2Bwill%2Brecords%26s_kwcid%3D{keyword},G_Records_Public,Public_Records_Will [B],approved, --,Search Only,All features,0,0,0.00%,0,0,0,0,0,0.00%,0
enabled,Instant Public Records,1) Enter any information,2) View public records online!,Ancestry.com/Public_Records_Find,http://tracker.marinsm.com/rd?cid=93095py25419&mkwid={ifsearch:s}{ifcontent:c}NDjRqAWJ_d{device}&pcrid={creative}&pkw={keyword}&pmt={matchtype}&lp=http%3A%2F%2Fwww.ancestry.com%2Fs21837%2Ft27295%2Frd.ashx%3Fstate%3D%26kw%3Dpublic%2Brecords%26s_kwcid%3D{keyword},G_Records_Public,Public_Records_Find [E],approved, --,Search Only,All features,0,0,0.00%,0,0,0,0,0,0.00%,0
enabled,Instant Public Records,1) Enter any information,2) View public records online!,Ancestry.com/Public_Records,http://tracker.marinsm.com/rd?cid=93095py25419&mkwid={ifsearch:s}{ifcontent:c}raUB04Go_d{device}&pcrid={creative}&pkw={keyword}&pmt={matchtype}&lp=http%3A%2F%2Fwww.ancestry.com%2Fs21837%2Ft27295%2Frd.ashx%3Fstate%3D%26kw%3Dpublic%2Brecords%2Bwebsites%26s_kwcid%3D{keyword},G_Records_Public,Public_Records_Com [B],approved, --,Search Only,All features,0,1,0.00%,0,0,8,0,0,0.00%,0
enabled,Church Public Records,1) Enter any information,2) View public records online!,Ancestry.com/Public_Records_Church,http://tracker.marinsm.com/rd?cid=93095py25419&mkwid={ifsearch:s}{ifcontent:c}9NqUml7T_d{device}&pcrid={creative}&pkw={keyword}&pmt={matchtype}&lp=http%3A%2F%2Fwww.ancestry.com%2Fs21837%2Ft27295%2Frd.ashx%3Fstate%3D%26kw%3Dpublic%2Bchurch%2Brecords%26s_kwcid%3D{keyword},G_Records_Public,Public_Records_Church [B],approved, --,Search Only,All features,9,679,1.33%,1.13,10.19,2,1,10.19,11.11%,0
enabled,Instant Public Records,1) Enter any information,2) View public records online!,Ancestry.com/Public_Records,http://tracker.marinsm.com/rd?cid=93095py25419&mkwid={ifsearch:s}{ifcontent:c}N0JjIxkU_d{device}&pcrid={creative}&pkw={keyword}&pmt={matchtype}&lp=http%3A%2F%2Fwww.ancestry.com%2Fs21837%2Ft27295%2Frd.ashx%3Fstate%3D%26kw%3Dfree%2Bpublic%2Brecords%26s_kwcid%3D{keyword},G_Records_Public,Public_Records_Free_Search_Web [E],approved, --,Search Only,All features,0,0,0.00%,0,0,0,0,0,0.00%,0
enabled,Instant Public Records,1) Enter any information,2) View public records online!,Ancestry.com/Public_Records_Will,http://tracker.marinsm.com/rd?cid=93095py25419&mkwid={ifsearch:s}{ifcontent:c}G60h0WEF_d{device}&pcrid={creative}&pkw={keyword}&pmt={matchtype}&lp=http%3A%2F%2Fwww.ancestry.com%2Fs21837%2Ft27295%2Frd.ashx%3Fstate%3D%26kw%3Dpublic%2Bwill%2Brecords%26s_kwcid%3D{keyword},G_Records_Public,Public_Records_Will [E],approved, --,Search Only,All features,0,0,0.00%,0,0,0,0,0,0.00%,0
enabled,Find Public Records Now,1) Enter any information,2) View public records online!,Ancestry.com/Public_Records_Now,http://tracker.marinsm.com/rd?cid=93095py25419&mkwid={ifsearch:s}{ifcontent:c}DY2Y6zOy_d{device}&pcrid={creative}&pkw={keyword}&pmt={matchtype}&lp=http%3A%2F%2Fwww.ancestry.com%2Fs21837%2Ft27295%2Frd.ashx%3Fstate%3D%26kw%3Dpublic%2Brecords%2Bnow%26s_kwcid%3D{keyword},G_Records_Public,Public_Records_Now [E],approved, --,Search Only,All features,0,0,0.00%,0,0,0,0,0,0.00%,0
enabled,Public Records Websites,1) Enter any information,2) View public records online!,Ancestry.com/Public_Records,http://tracker.marinsm.com/rd?cid=93095py25419&mkwid={ifsearch:s}{ifcontent:c}1QROMJLk_d{device}&pcrid={creative}&pkw={keyword}&pmt={matchtype}&lp=http%3A%2F%2Fwww.ancestry.com%2Fs21837%2Ft27295%2Frd.ashx%3Fstate%3D%26kw%3Dpublic%2Brecords%2Bwebsites%26s_kwcid%3D{keyword},G_Records_Public,Public_Records_Com [B],approved, --,Search Only,All features,0,1,0.00%,0,0,5,0,0,0.00%,0
enabled,Search Public Records,1) Enter any information,2) View public records online!,Ancestry.com/Public_Records_School,http://tracker.marinsm.com/rd?cid=93095py25419&mkwid={ifsearch:s}{ifcontent:c}q29X8Sx3_d{device}&pcrid={creative}&pkw={keyword}&pmt={matchtype}&lp=http%3A%2F%2Fwww.ancestry.com%2Fs21837%2Ft27295%2Frd.ashx%3Fstate%3D%26kw%3Dpublic%2Bschool%2Brecords%26s_kwcid%3D{keyword},G_Records_Public,Public_Records_School [E],approved, --,Search Only,All features,0,0,0.00%,0,0,0,0,0,0.00%,0
enabled,Search Public Records,1) Enter any information,2) View public records online!,Ancestry.com/Public_Records_Church,http://tracker.marinsm.com/rd?cid=93095py25419&mkwid={ifsearch:s}{ifcontent:c}n14mmBbt_d{device}&pcrid={creative}&pkw={keyword}&pmt={matchtype}&lp=http%3A%2F%2Fwww.ancestry.com%2Fs21837%2Ft27295%2Frd.ashx%3Fstate%3D%26kw%3Dpublic%2Bchurch%2Brecords%26s_kwcid%3D{keyword},G_Records_Public,Public_Records_Church [E],approved, --,Search Only,All features,0,0,0.00%,0,0,0,0,0,0.00%,0
enabled,Find Free Public Records,1) Enter any information,2) View public records online!,Ancestry.com/Public_Records_Free,http://tracker.marinsm.com/rd?cid=93095py25419&mkwid={ifsearch:s}{ifcontent:c}qxCXdIkN_d{device}&pcrid={creative}&pkw={keyword}&pmt={matchtype}&lp=http%3A%2F%2Fwww.ancestry.com%2Fs21837%2Ft27295%2Frd.ashx%3Fstate%3D%26kw%3Dfree%2Bpublic%2Brecords%26s_kwcid%3D{keyword},G_Records_Public,Public_Records_Free [E],approved, --,Search Only,All features,4,148,2.70%,0.9,3.58,3.8,0,0,0.00%,0
enabled,Search Public Records,1) Enter any information,2) View public records online!,Ancestry.com/Public_Records_Now,http://tracker.marinsm.com/rd?cid=93095py25419&mkwid={ifsearch:s}{ifcontent:c}4w5rxRjN_d{device}&pcrid={creative}&pkw={keyword}&pmt={matchtype}&lp=http%3A%2F%2Fwww.ancestry.com%2Fs21837%2Ft27295%2Frd.ashx%3Fstate%3D%26kw%3Dpublic%2Brecords%2Bnow%26s_kwcid%3D{keyword},G_Records_Public,Public_Records_Now [B],approved, --,Search Only,All features,0,0,0.00%,0,0,0,0,0,0.00%,0
enabled,Instant Public Records,1) Enter any information,2) View public records online!,Ancestry.com/Public_Records,http://tracker.marinsm.com/rd?cid=93095py25419&mkwid={ifsearch:s}{ifcontent:c}f4EKTHZ3_d{device}&pcrid={creative}&pkw={keyword}&pmt={matchtype}&lp=http%3A%2F%2Fwww.ancestry.com%2Fs21837%2Ft27295%2Frd.ashx%3Fstate%3D%26kw%3Dpublic%2Brecords%26s_kwcid%3D{keyword},G_Records_Public,Public_Records [B],approved, --,Search Only,All features,0,18,0.00%,0,0,6.5,0,0,0.00%,0
enabled,Instant Public Records,1) Enter any information,2) View public records online!,Ancestry.com/Public_Records_Find,http://tracker.marinsm.com/rd?cid=93095py25419&mkwid={ifsearch:s}{ifcontent:c}KkYRoIZF_d{device}&pcrid={creative}&pkw={keyword}&pmt={matchtype}&lp=http%3A%2F%2Fwww.ancestry.com%2Fs21837%2Ft27295%2Frd.ashx%3Fstate%3D%26kw%3Dpublic%2Brecords%26s_kwcid%3D{keyword},G_Records_Public,Public_Records_Find [B],approved, --,Search Only,All features,0,8,0.00%,0,0,3.3,0,0,0.00%,0
enabled,Search Public Records,1) Enter any information,2) View public records online!,Ancestry.com/Public_Records,http://tracker.marinsm.com/rd?cid=93095py25419&mkwid={ifsearch:s}{ifcontent:c}b0UB745e_d{device}&pcrid={creative}&pkw={keyword}&pmt={matchtype}&lp=http%3A%2F%2Fwww.ancestry.com%2Fs21837%2Ft27295%2Frd.ashx%3Fstate%3D%26kw%3Dpublic%2Brecords%26s_kwcid%3D{keyword},G_Records_Public,Public_Records [E],approved, --,Search Only,All features,1,53,1.89%,0.53,0.53,7.9,0,0,0.00%,0
enabled,Ancestry.com,Official Site. 13+ bilion records.,Discover your story today.,Ancestry.com,http://tracker.marinsm.com/rd?cid=93095py25419&mkwid={ifsearch:s}{ifcontent:c}F8mJwu6C_d{device}&pcrid={creative}&pkw={keyword}&pmt={matchtype}&lp=http%3A%2F%2Fwww.ancestry.com%2Fs21837%2Ft27295%2Frd.ashx%3Fstate%3D%26kw%3Dpublic%2Brecords%26s_kwcid%3D{keyword},G_Records_Public,Records_Public City,approved, --,Search Only,All features,0,28,0.00%,0,0,3.6,0,0,0.00%,0
enabled,Instant Public Records,1) Enter any information,2) View public records online!,Ancestry.com/Public_Records,http://tracker.marinsm.com/rd?cid=93095py25419&mkwid={ifsearch:s}{ifcontent:c}RT9O7x5N_d{device}&pcrid={creative}&pkw={keyword}&pmt={matchtype}&lp=http%3A%2F%2Fwww.ancestry.com%2Fs21837%2Ft27295%2Frd.ashx%3Fstate%3D%26kw%3Dpublic%2Brecords%26s_kwcid%3D{keyword},G_Records_Public,Public_Records [E],approved, --,Search Only,All features,0,0,0.00%,0,0,0,0,0,0.00%,0
enabled,Find Free Public Records,1) Enter any information,2) View public records online!,Ancestry.com/Public_Records,http://tracker.marinsm.com/rd?cid=93095py25419&mkwid={ifsearch:s}{ifcontent:c}uH8oDClq_d{device}&pcrid={creative}&pkw={keyword}&pmt={matchtype}&lp=http%3A%2F%2Fwww.ancestry.com%2Fs21837%2Ft27295%2Frd.ashx%3Fstate%3D%26kw%3Dfree%2Bpublic%2Brecords%26s_kwcid%3D{keyword},G_Records_Public,Public_Records_Free_Search_Web [B],approved, --,Search Only,All features,0,0,0.00%,0,0,0,0,0,0.00%,0
enabled,Ancestry.com,Official Site. 13+ bilion records.,Discover your story today.,Ancestry.com,http://tracker.marinsm.com/rd?cid=93095py25419&mkwid={ifsearch:s}{ifcontent:c}uYRM1ekm_d{device}&pcrid={creative}&pkw={keyword}&pmt={matchtype}&lp=http%3A%2F%2Fwww.ancestry.com%2Fs21837%2Ft27295%2Frd.ashx%3Fstate%3D%26kw%3Dpublic%2Brecords%26s_kwcid%3D{keyword},G_Records_Public,Records_Public,approved, --,Search Only,All features,0,1,0.00%,0,0,5,0,0,0.00%,0
enabled,Instant Public Records,1) Enter any information,2) View public records online!,Ancestry.com/Public_Records_Data,http://tracker.marinsm.com/rd?cid=93095py25419&mkwid={ifsearch:s}{ifcontent:c}OW0Pjh1L_d{device}&pcrid={creative}&pkw={keyword}&pmt={matchtype}&lp=http%3A%2F%2Fwww.ancestry.com%2Fs21837%2Ft27295%2Frd.ashx%3Fstate%3D%26kw%3Dpublic%2Brecords%2Bdata%26s_kwcid%3D{keyword},G_Records_Public,Public_Records_Data [E],approved, --,Search Only,All features,0,0,0.00%,0,0,0,0,0,0.00%,0
enabled,Find Free Public Records,1) Enter any information,2) View public records online!,Ancestry.com/Public_Records,http://tracker.marinsm.com/rd?cid=93095py25419&mkwid={ifsearch:s}{ifcontent:c}5ouU5XQh_d{device}&pcrid={creative}&pkw={keyword}&pmt={matchtype}&lp=http%3A%2F%2Fwww.ancestry.com%2Fs21837%2Ft27295%2Frd.ashx%3Fstate%3D%26kw%3Dfree%2Bonline%2Bpublic%2Brecords%26s_kwcid%3D{keyword},G_Records_Public,Public_Records_Free_Online [E],approved, --,Search Only,All features,0,4,0.00%,0,0,7.8,0,0,0.00%,0
enabled,Search Public Records,1) Enter any information,2) View public records online!,Ancestry.com/Public_Records_Search,http://tracker.marinsm.com/rd?cid=93095py25419&mkwid={ifsearch:s}{ifcontent:c}4udVXIZN_d{device}&pcrid={creative}&pkw={keyword}&pmt={matchtype}&lp=http%3A%2F%2Fwww.ancestry.com%2Fs21837%2Ft27295%2Frd.ashx%3Fstate%3D%26kw%3Dsearch%2Bpublic%2Brecords%26s_kwcid%3D{keyword},G_Records_Public,Public_Records_Search [B],approved, --,Search Only,All features,0,0,0.00%,0,0,0,0,0,0.00%,0
enabled,Search Public Records,1) Enter any information,2) View public records online!,Ancestry.com/Public_Records,http://tracker.marinsm.com/rd?cid=93095py25419&mkwid={ifsearch:s}{ifcontent:c}HVHGJ64m_d{device}&pcrid={creative}&pkw={keyword}&pmt={matchtype}&lp=http%3A%2F%2Fwww.ancestry.com%2Fs21837%2Ft27295%2Frd.ashx%3Fstate%3D%26kw%3Dpublic%2Brecords%2Bwebsites%26s_kwcid%3D{keyword},G_Records_Public,Public_Records_Com [E],approved, --,Search Only,All features,0,0,0.00%,0,0,0,0,0,0.00%,0
enabled,Find Free Public Records,1) Enter any information,2) View public records online!,Ancestry.com/Public_Records,http://tracker.marinsm.com/rd?cid=93095py25419&mkwid={ifsearch:s}{ifcontent:c}sN4h17Cy_d{device}&pcrid={creative}&pkw={keyword}&pmt={matchtype}&lp=http%3A%2F%2Fwww.ancestry.com%2Fs21837%2Ft27295%2Frd.ashx%3Fstate%3D%26kw%3Dfree%2Bpublic%2Bdatabases%26s_kwcid%3D{keyword},G_Records_Public,Public_Records_Free_Database [B],approved, --,Search Only,All features,0,0,0.00%,0,0,0,0,0,0.00%,0
enabled,Search Public Records,1) Enter any information,2) View public records online!,Ancestry.com/Public_Records_Data,http://tracker.marinsm.com/rd?cid=93095py25419&mkwid={ifsearch:s}{ifcontent:c}yQeKra8b_d{device}&pcrid={creative}&pkw={keyword}&pmt={matchtype}&lp=http%3A%2F%2Fwww.ancestry.com%2Fs21837%2Ft27295%2Frd.ashx%3Fstate%3D%26kw%3Dpublic%2Brecords%2Bdata%26s_kwcid%3D{keyword},G_Records_Public,Public_Records_Data [E],approved, --,Search Only,All features,0,1,0.00%,0,0,5,0,0,0.00%,0
enabled,Instant Public Records,1) Enter any information,2) View public records online!,Ancestry.com/Public_Records_Now,http://tracker.marinsm.com/rd?cid=93095py25419&mkwid={ifsearch:s}{ifcontent:c}SYHmTiyb_d{device}&pcrid={creative}&pkw={keyword}&pmt={matchtype}&lp=http%3A%2F%2Fwww.ancestry.com%2Fs21837%2Ft27295%2Frd.ashx%3Fstate%3D%26kw%3Dpublic%2Brecords%2Bnow%26s_kwcid%3D{keyword},G_Records_Public,Public_Records_Now [B],approved, --,Search Only,All features,0,0,0.00%,0,0,0,0,0,0.00%,0
enabled,Find Free Public Records,1) Enter any information,2) View public records online!,Ancestry.com/Public_Records,http://tracker.marinsm.com/rd?cid=93095py25419&mkwid={ifsearch:s}{ifcontent:c}eHWI7qb6_d{device}&pcrid={creative}&pkw={keyword}&pmt={matchtype}&lp=http%3A%2F%2Fwww.ancestry.com%2Fs21837%2Ft27295%2Frd.ashx%3Fstate%3D%26kw%3Dfree%2Bpublic%2Bdatabases%26s_kwcid%3D{keyword},G_Records_Public,Public_Records_Free_Database [E],approved, --,Search Only,All features,0,0,0.00%,0,0,0,0,0,0.00%,0
enabled,Criminal Public Records,1) Enter any information,2) View public records online!,Ancestry.com/Public_Records,http://tracker.marinsm.com/rd?cid=93095py25419&mkwid={ifsearch:s}{ifcontent:c}MEj69fIK_d{device}&pcrid={creative}&pkw={keyword}&pmt={matchtype}&lp=http%3A%2F%2Fwww.ancestry.com%2Fs21837%2Ft27295%2Frd.ashx%3Fstate%3D%26kw%3Dcriminal%2Brecords%26s_kwcid%3D{keyword},G_Records_Public,Public_Records_Criminal [E],approved, --,Search Only,All features,0,0,0.00%,0,0,0,0,0,0.00%,0
enabled,School Public Records,1) Enter any information,2) View public records online!,Ancestry.com/Public_Records_School,http://tracker.marinsm.com/rd?cid=93095py25419&mkwid={ifsearch:s}{ifcontent:c}v1P9Uc7S_d{device}&pcrid={creative}&pkw={keyword}&pmt={matchtype}&lp=http%3A%2F%2Fwww.ancestry.com%2Fs21837%2Ft27295%2Frd.ashx%3Fstate%3D%26kw%3Dpublic%2Bschool%2Brecords%26s_kwcid%3D{keyword},G_Records_Public,Public_Records_School [E],approved, --,Search Only,All features,1,5,20.00%,0.22,0.22,2.4,0,0,0.00%,0
enabled,Instant Public Records,1) Enter any information,2) View public records online!,Ancestry.com/Public_Records_School,http://tracker.marinsm.com/rd?cid=93095py25419&mkwid={ifsearch:s}{ifcontent:c}oOV0FjUd_d{device}&pcrid={creative}&pkw={keyword}&pmt={matchtype}&lp=http%3A%2F%2Fwww.ancestry.com%2Fs21837%2Ft27295%2Frd.ashx%3Fstate%3D%26kw%3Dpublic%2Bschool%2Brecords%26s_kwcid%3D{keyword},G_Records_Public,Public_Records_School [B],approved, --,Search Only,All features,0,42,0.00%,0,0,2.9,0,0,0.00%,0
enabled,Instant Public Records,1) Enter any information,2) View public records online!,Ancestry.com/Public_Records_Church,http://tracker.marinsm.com/rd?cid=93095py25419&mkwid={ifsearch:s}{ifcontent:c}spu595X1_d{device}&pcrid={creative}&pkw={keyword}&pmt={matchtype}&lp=http%3A%2F%2Fwww.ancestry.com%2Fs21837%2Ft27295%2Frd.ashx%3Fstate%3D%26kw%3Dpublic%2Bchurch%2Brecords%26s_kwcid%3D{keyword},G_Records_Public,Public_Records_Church [B],approved, --,Search Only,All features,0,8,0.00%,0,0,2,0,0,0.00%,0
enabled,Instant Public Records,1) Enter any information,2) View public records online!,Ancestry.com/Public_Records,http://tracker.marinsm.com/rd?cid=93095py25419&mkwid={ifsearch:s}{ifcontent:c}2YuibJZy_d{device}&pcrid={creative}&pkw={keyword}&pmt={matchtype}&lp=http%3A%2F%2Fwww.ancestry.com%2Fs21837%2Ft27295%2Frd.ashx%3Fstate%3D%26kw%3Dcriminal%2Brecords%26s_kwcid%3D{keyword},G_Records_Public,Public_Records_Criminal [B],approved, --,Search Only,All features,0,0,0.00%,0,0,0,0,0,0.00%,0
enabled,Instant Public Records,1) Enter any information,2) View public records online!,Ancestry.com/Public_Records,http://tracker.marinsm.com/rd?cid=93095py25419&mkwid={ifsearch:s}{ifcontent:c}BWs7ZaHN_d{device}&pcrid={creative}&pkw={keyword}&pmt={matchtype}&lp=http%3A%2F%2Fwww.ancestry.com%2Fs21837%2Ft27295%2Frd.ashx%3Fstate%3D%26kw%3Dfree%2Bpublic%2Bdatabases%26s_kwcid%3D{keyword},G_Records_Public,Public_Records_Free_Database [B],approved, --,Search Only,All features,0,0,0.00%,0,0,0,0,0,0.00%,0
enabled,Search Public Records,1) Enter any information,2) View public records online!,Ancestry.com/Public_Records_Data,http://tracker.marinsm.com/rd?cid=93095py25419&mkwid={ifsearch:s}{ifcontent:c}oWOQrjRm_d{device}&pcrid={creative}&pkw={keyword}&pmt={matchtype}&lp=http%3A%2F%2Fwww.ancestry.com%2Fs21837%2Ft27295%2Frd.ashx%3Fstate%3D%26kw%3Dpublic%2Brecords%2Bdata%26s_kwcid%3D{keyword},G_Records_Public,Public_Records_Data [B],approved, --,Search Only,All features,0,2,0.00%,0,0,7,0,0,0.00%,0
enabled,Instant Public Records,1) Enter any information,2) View public records online!,Ancestry.com/Public_Records_School,http://tracker.marinsm.com/rd?cid=93095py25419&mkwid={ifsearch:s}{ifcontent:c}O9CuwOCh_d{device}&pcrid={creative}&pkw={keyword}&pmt={matchtype}&lp=http%3A%2F%2Fwww.ancestry.com%2Fs21837%2Ft27295%2Frd.ashx%3Fstate%3D%26kw%3Dpublic%2Bschool%2Brecords%26s_kwcid%3D{keyword},G_Records_Public,Public_Records_School [E],approved, --,Search Only,All features,0,1,0.00%,0,0,2,0,0,0.00%,0
enabled,Search Public Records,1) Enter any information,2) View public records online!,Ancestry.com/Public_Records_Search,http://tracker.marinsm.com/rd?cid=93095py25419&mkwid={ifsearch:s}{ifcontent:c}dteLIlFX_d{device}&pcrid={creative}&pkw={keyword}&pmt={matchtype}&lp=http%3A%2F%2Fwww.ancestry.com%2Fs21837%2Ft27295%2Frd.ashx%3Fstate%3D%26kw%3Dsearch%2Bpublic%2Brecords%26s_kwcid%3D{keyword},G_Records_Public,Public_Records_Search [B],approved, --,Search Only,All features,0,0,0.00%,0,0,0,0,0,0.00%,0
enabled,Search Public Records,1) Enter any information,2) View public records online!,Ancestry.com/Public_Records_Find,http://tracker.marinsm.com/rd?cid=93095py25419&mkwid={ifsearch:s}{ifcontent:c}iiPhS4S0_d{device}&pcrid={creative}&pkw={keyword}&pmt={matchtype}&lp=http%3A%2F%2Fwww.ancestry.com%2Fs21837%2Ft27295%2Frd.ashx%3Fstate%3D%26kw%3Dpublic%2Brecords%26s_kwcid%3D{keyword},G_Records_Public,Public_Records_Find [B],approved, --,Search Only,All features,1,3,33.33%,0.79,0.79,3.7,0,0,0.00%,0
enabled,Search Public Records,1) Enter any information,2) View public records online!,Ancestry.com/Public_Records,http://tracker.marinsm.com/rd?cid=93095py25419&mkwid={ifsearch:s}{ifcontent:c}Mxt5yPs0_d{device}&pcrid={creative}&pkw={keyword}&pmt={matchtype}&lp=http%3A%2F%2Fwww.ancestry.com%2Fs21837%2Ft27295%2Frd.ashx%3Fstate%3D%26kw%3Dfree%2Bpublic%2Brecords%26s_kwcid%3D{keyword},G_Records_Public,Public_Records_Free_Search [E],approved, --,Search Only,All features,0,1,0.00%,0,0,9,0,0,0.00%,0
Total - filtered, --, --, --, --, --, --, --, --, --, --, --,76,3568,2.13%,0.65,49.67,3.8,1,49.67,1.32%,0
Total - Search, --, --, --, --, --, --, --, --, --, --, --,76,3568,2.13%,0.65,49.67,3.8,1,49.67,1.32%,0
Total - Display Network, --, --, --, --, --, --, --, --, --, --, --,0,0,0.00%,0,0,0,0,0,0.00%,0
Total, --, --, --, --, --, --, --, --, --, --, --,76,3568,2.13%,0.65,49.67,3.8,1,49.67,1.32%,0
